date,llm_score_mean,llm_score_std,llm_score_min,llm_score_max,llm_rationale,dict_hawkish_net
1997-03-25,0.75,0.0,0.75,0.75,"The statement announces a rate hike citing 'persisting strength in demand' and 'increasing risk of inflationary imbalances,' demonstrating clear hawkish intent to preemptively tighten policy to contain inflation pressures.",1.9867549668874167
1998-09-29,-0.6,0.0,-0.6,-0.6,"The statement explicitly announces a rate cut to 'cushion the effects on prospective economic growth' due to 'increasing weakness in foreign economies' and 'less accommodative financial conditions,' signaling clear dovish concern about growth risks rather than inflation.",-2.586206896551724
1998-10-15,-0.6333,0.0289,-0.65,-0.6,"The statement announces rate cuts citing 'growing caution by lenders and unsettled conditions in financial markets' restraining demand, with easing 'warranted to sustain economic growth,' signaling clear dovish concern about financial stability and growth risks.",-0.6024096385542169
1998-11-17,-0.55,0.0866,-0.6,-0.45,"The statement announces a 25 basis point rate cut following a prior 75 basis point reduction since September, explicitly citing 'unusual strains' in financial markets and prioritizing 'sustained economic expansion,' signaling a clear easing bias.",0.0
1999-05-18,0.65,0.0,0.65,0.65,"The statement explicitly adopts a directive 'tilted toward the possibility of a firming in the stance of monetary policy' due to concerns about 'buildup of inflationary imbalances' and 'tight domestic labor markets,' signaling a clear hawkish bias despite no immediate action.",1.1976047904191618
1999-06-30,0.35,0.0,0.35,0.35,"The statement is moderately hawkish due to the 25bp rate hike, emphasis on tightening labor markets, and explicit warning about being 'especially alert to the emergence of inflationary forces,' though tempered by a neutral near-term directive and acknowledgment of 'conflicting forces.'",2.312138728323699
1999-08-24,0.65,0.0,0.65,0.65,"The statement announces a rate hike citing 'labor markets remaining very tight' and explicitly states the action is intended to 'diminish the risk of rising inflation,' though the shift to a symmetric directive moderates the hawkishness somewhat.",2.202643171806168
1999-10-05,0.6333,0.0289,0.6,0.65,"The statement adopts an explicit tightening bias ('directive biased toward a possible firming of policy') while expressing concern about demand outpacing supply and potential inflation pressures from labor market tightness, despite holding rates steady.",1.6216216216216215
1999-11-16,0.5833,0.1155,0.45,0.65,"The statement announces a rate hike citing labor market tightness and economic growth exceeding potential, with explicit concern that available workers 'must eventually be contained if inflationary imbalances are to remain in check,' though the symmetric directive and statement that actions 'should markedly diminish the risk of inflation' temper the hawkishness somewhat.",2.723735408560312
1999-12-21,0.5167,0.0577,0.45,0.55,"The statement expresses concern about demand exceeding potential supply and fostering 'inflationary imbalances,' signaling a hawkish bias, though tempered by the temporary adoption of a symmetric directive due to Y2K uncertainties.",1.818181818181818
2000-02-02,0.85,0.0,0.85,0.85,"The statement is strongly hawkish, raising rates by 25bps while explicitly warning that 'demand will continue to exceed growth in potential supply' and that 'risks are weighted mainly toward conditions that may generate heightened inflation pressures,' signaling a clear tightening bias.",2.4630541871921183
2000-03-21,0.85,0.0,0.85,0.85,"The statement announces a 25bp rate hike and explicitly states the Committee is 'concerned that increases in demand will continue to exceed the growth in potential supply' with risks 'weighted mainly toward conditions that may generate heightened inflation pressures,' signaling a strongly hawkish stance focused on preventing inflation.",2.392344497607656
2000-05-16,0.85,0.0,0.85,0.85,"The statement is strongly hawkish, featuring a 50 basis point rate hike, explicit concern that demand exceeds potential supply creating 'continued pressure on resources,' and a clear forward bias stating 'risks are weighted mainly toward conditions that may generate heightened inflation pressures.'",2.4630541871921183
2000-06-28,0.45,0.0,0.45,0.45,"While maintaining rates and noting moderating demand, the statement explicitly states risks are 'weighted mainly toward conditions that may generate heightened inflation pressures,' signaling a continued hawkish tilt despite holding steady.",0.5586592178770949
2000-08-22,0.45,0.0,0.45,0.45,"While maintaining rates and acknowledging moderating demand and contained price pressures, the statement explicitly states risks remain 'weighted mainly toward conditions that may generate heightened inflation pressures,' signaling a continued hawkish bias focused on potential overheating from tight labor markets.",0.5494505494505495
2000-10-03,0.6,0.0,0.6,0.6,The statement maintains a hawkish bias by explicitly stating 'risks continue to be weighted mainly toward conditions that may generate heightened inflation pressures' while citing high labor utilization and energy price risks to inflation expectations.,0.5208333333333333
2000-11-15,0.45,0.0,0.45,0.45,"Despite acknowledging softening demand and tighter financial conditions, the Committee explicitly maintains that 'risks continue to be weighted mainly toward conditions that may generate heightened inflation pressures,' signaling a continued hawkish bias.",0.5076142131979695
2000-12-19,-0.6,0.0,-0.6,-0.6,"The statement explicitly shifts the risk assessment to 'weighted mainly toward conditions that may generate economic weakness,' citing slowing growth, eroding consumer confidence, and financial market stress, while noting inflation risks are 'diminished' - a clear dovish pivot.",1.7857142857142856
2001-01-03,-0.8167,0.0577,-0.85,-0.75,"The statement announces a substantial 50 basis point rate cut citing 'further weakening of sales and production,' 'lower consumer confidence,' and explicitly states 'risks are weighted mainly toward conditions that may generate economic weakness,' while noting inflation pressures 'remain contained.'",0.4219409282700421
2001-01-31,-0.85,0.0,-0.85,-0.85,"A 50 basis point rate cut combined with explicit concern about eroding confidence, weakening retail sales and business spending, and a forward-looking statement that risks are 'weighted mainly toward conditions that may generate economic weakness' signals a strongly dovish stance focused on supporting growth.",-0.3759398496240601
2001-03-20,-0.75,0.0,-0.75,-0.75,"The 50 basis point rate cut combined with explicit warnings about 'substantial risks' of soft demand and production, excess capacity, and risks 'weighted mainly toward conditions that may generate economic weakness' signals a strongly dovish stance focused on supporting growth.",0.0
2001-04-18,-0.85,0.0,-0.85,-0.85,The 50 basis point intermeeting cut combined with explicit warnings about 'unacceptably weak' economic activity and risks 'weighted mainly toward conditions that may generate economic weakness' signals strong dovish concern about growth over inflation.,-0.3412969283276451
2001-05-15,-0.72,0.0,-0.72,-0.72,The 50 basis point rate cut combined with explicit language that 'risks are weighted mainly toward conditions that may generate economic weakness' and concerns about declining capital investment signals a strongly dovish stance focused on supporting growth.,-0.7490636704119851
2001-06-27,-0.75,0.0,-0.75,-0.75,"The statement announces a 25bp rate cut as part of a cumulative 275bp easing cycle, explicitly citing concerns about declining profitability, weak consumption, and slowing growth, with risks 'weighted mainly toward conditions that may generate economic weakness.'",-1.3888888888888888
2001-08-21,-0.75,0.0,-0.75,-0.75,"The statement announces a 25bp rate cut (part of 300bp cumulative easing), explicitly states risks are 'weighted mainly toward conditions that may generate economic weakness,' and emphasizes weakening business profits, capital spending, and global growth—all strongly dovish signals.",-0.9389671361502347
2001-09-17,-0.85,0.0,-0.85,-0.85,"A 50 basis point rate cut combined with explicit statements that 'risks are weighted mainly toward conditions that may generate economic weakness' and concerns about employment, production, and business spending signal a strongly dovish stance focused on supporting the economy.",-1.310043668122271
2001-10-02,-0.85,0.0,-0.85,-0.85,The 50 basis point rate cut combined with explicit language that 'risks are weighted mainly toward conditions that may generate economic weakness' signals a strongly dovish stance focused on supporting a weakening economy following the terrorist attacks.,-0.5405405405405406
2001-11-06,-0.85,0.0,-0.85,-0.85,"The statement announces a substantial 50 basis point rate cut with explicit language that 'risks are weighted mainly toward conditions that may generate economic weakness,' signaling strong dovish concern about deteriorating economic conditions both domestically and abroad.",0.0
2001-12-11,-0.75,0.0,-0.75,-0.75,The 25 basis point rate cut combined with explicit language that 'risks are weighted mainly toward conditions that may generate economic weakness' and characterization of economic activity as 'soft' with only 'preliminary and tentative' signs of recovery signals a clearly dovish stance focused on supporting growth.,-0.9803921568627452
2002-01-30,-0.35,0.0,-0.35,-0.35,"Despite noting improved economic outlook and signs that weakness is abating, the Committee explicitly states risks remain 'weighted mainly toward conditions that may generate economic weakness,' maintaining an easing bias with rates held at accommodative levels.",-1.3793103448275863
2002-03-19,0.0,0.0,0.0,0.0,"The statement explicitly states 'risks are balanced with respect to the prospects for both goals' of price stability and sustainable growth, indicating a neutral stance with no clear bias toward tightening or easing despite acknowledging economic expansion.",0.0
2002-05-07,0.0333,0.0289,0.0,0.05,"The statement adopts a neutral 'balanced risks' assessment while noting policy is 'currently accommodative,' suggesting slight hawkish lean as the Fed signals no further easing despite uncertainty about final demand strengthening.",0.0
2002-06-26,0.0333,0.0289,0.0,0.05,"The statement is nearly neutral with 'balanced risks' language, but carries a slight hawkish tilt by noting policy is 'currently accommodative' while expecting demand to strengthen, suggesting eventual normalization rather than further easing.",0.9478672985781992
2002-08-13,-0.6,0.0,-0.6,-0.6,"The statement emphasizes prolonged softening in demand, weakness in financial markets, corporate governance concerns, and explicitly states risks are 'weighted mainly toward conditions that may generate economic weakness,' signaling a clear dovish bias despite maintaining rates.",-1.0752688172043012
2002-09-24,-0.6,0.0,-0.6,-0.6,"The statement explicitly states risks are 'weighted mainly toward conditions that may generate economic weakness,' signaling a clear dovish bias with concerns about geopolitical risks and uncertainty about employment recovery while maintaining accommodative policy.",-0.8928571428571428
2002-11-06,-0.75,0.0,-0.75,-0.75,"The 50 basis point rate cut combined with language emphasizing 'accommodative stance,' concerns about 'uncertainty inhibiting spending, production, and employment,' and the characterization of economic conditions as a 'soft spot' signals a strongly dovish posture focused on supporting growth.",-0.3787878787878788
2002-12-10,-0.2,0.0,-0.2,-0.2,"The statement maintains an accommodative stance at a low 1.25% rate while acknowledging the economy is in a 'soft spot,' though the balanced risk assessment and mention of price stability as a goal prevent a more dovish reading.",0.0
2003-01-29,-0.2,0.0,-0.2,-0.2,"The statement maintains an accommodative policy stance with rates unchanged at low levels, acknowledges business restraint from geopolitical risks, and relies on productivity growth and easy policy to support recovery, signaling a mild dovish bias despite balanced risk assessment.",1.098901098901099
2003-03-18,-0.35,0.0,-0.35,-0.35,"The statement emphasizes disappointing labor market indicators, economic hesitancy due to geopolitical uncertainties, and maintains an accommodative policy stance while explicitly declining to characterize risks, signaling a cautious, moderately dovish posture focused on supporting economic activity.",0.0
2003-05-06,-0.6,0.0,-0.6,-0.6,"The statement explicitly states 'the balance of risks to achieving its goals is weighted toward weakness' and expresses concern about 'an unwelcome substantial fall in inflation,' signaling a clear dovish bias despite holding rates steady.",-0.4385964912280701
2003-06-25,-0.72,0.0,-0.72,-0.72,"The statement announces a rate cut to 1%, emphasizes accommodative policy, expresses concern about 'unwelcome substantial fall in inflation' (deflation risk), and states the economy 'has yet to exhibit sustainable growth' - all strongly dovish signals indicating easing bias.",0.3246753246753247
2003-08-12,-0.7,0.0,-0.7,-0.7,"The statement emphasizes concern about 'unwelcome fall in inflation' and states that 'risk of inflation becoming undesirably low is likely to be the predominant concern,' with explicit commitment to maintain 'policy accommodation for a considerable period,' signaling a strongly dovish stance focused on deflation risk rather than inflation concerns.",0.8888888888888888
2003-09-16,-0.6833,0.0289,-0.7,-0.65,"The statement is strongly dovish, emphasizing that 'the risk of inflation becoming undesirably low remains the predominant concern' and explicitly stating 'policy accommodation can be maintained for a considerable period,' signaling no intention to raise rates.",0.9009009009009008
2003-10-28,-0.6833,0.0289,-0.7,-0.65,"The statement emphasizes that 'the risk of inflation becoming undesirably low remains the predominant concern' and commits to maintaining 'policy accommodation for a considerable period,' signaling a strongly dovish stance focused on preventing deflation rather than addressing inflation risks.",0.8968609865470852
2003-12-09,-0.6,0.0,-0.6,-0.6,"The statement emphasizes maintaining 'policy accommodation for a considerable period' with inflation 'muted' and 'resource use slack,' signaling a clear dovish bias despite noting improving economic conditions.",0.0
2004-01-28,-0.4667,0.1258,-0.6,-0.35,"The statement maintains a dovish stance by keeping rates at 1%, emphasizing 'accommodative stance,' noting 'muted' core inflation, 'slack' resource use, and explicitly stating the Committee 'can be patient in removing its policy accommodation.'",-0.4651162790697674
2004-03-16,-0.6,0.0,-0.6,-0.6,"The statement emphasizes maintaining accommodative policy, notes muted inflation with diminished deflation risk, acknowledges labor market slack, and explicitly states the Fed 'can be patient in removing its policy accommodation,' all signaling a dovish stance.",-0.4672897196261681
2004-05-04,0.25,0.0,0.25,0.25,"While maintaining accommodative policy at 1%, the statement signals a shift toward tightening with the phrase 'policy accommodation can be removed at a pace that is likely to be measured,' indicating the Fed is preparing to begin raising rates despite noting low inflation and slack resources.",0.0
2004-06-30,0.35,0.0,0.35,0.35,"The 25bp rate hike and commitment to 'measured' removal of accommodation signals a moderately hawkish stance, though tempered by characterizing elevated inflation as 'transitory' and emphasizing that policy 'remains accommodative' with balanced risks.",1.0344827586206895
2004-08-10,0.35,0.0,0.35,0.35,"The 25bp rate hike and commitment to 'measured' removal of accommodation signal a moderately hawkish stance, though this is tempered by acknowledgment of economic softness and characterization of inflation as partly 'transitory' with risks described as 'roughly equal.'",0.6493506493506493
2004-09-21,0.2833,0.0577,0.25,0.35,"The 25bp rate hike and commitment to removing accommodation signal tightening, but the 'measured pace' language and acknowledgment that inflation expectations have 'eased' temper the hawkishness significantly.",0.6920415224913495
2004-11-10,0.35,0.0,0.35,0.35,"The statement signals continued gradual tightening with a 25bp hike and commitment to 'measured' removal of accommodation, but tempers hawkishness by emphasizing inflation remains 'well contained' and risks are 'roughly equal,' indicating a balanced but modestly hawkish stance.",0.7380073800738007
2004-12-14,0.35,0.0,0.35,0.35,"The statement raises rates and signals continued removal of accommodation, but the measured pace language and characterization of balanced risks with well-contained inflation tempers the hawkishness significantly.",0.6116207951070336
2005-02-02,0.35,0.0,0.35,0.35,"The statement raises rates by 25 bps and signals continued gradual tightening with 'measured' pace of accommodation removal, but tempers hawkishness by emphasizing policy remains accommodative, inflation is well contained, and risks are balanced.",0.7220216606498195
2005-03-22,0.45,0.0,0.45,0.45,"The statement acknowledges rising inflation pressures and pricing power while continuing rate hikes, but maintains that accommodation removal will be 'measured' and emphasizes balanced risks, tempering the hawkish action with dovish forward guidance.",0.6578947368421052
2005-05-03,0.4833,0.0577,0.45,0.55,"The statement signals moderate hawkishness through a 25bp rate hike and explicit acknowledgment that 'pressures on inflation have picked up' and 'pricing power is more evident,' though this is tempered by language indicating policy remains 'accommodative' and removal will be 'measured.'",1.006711409395973
2005-06-30,0.45,0.0,0.45,0.45,"The statement raises rates and notes 'pressures on inflation have stayed elevated,' signaling ongoing tightening bias, though this is tempered by language about 'measured' pace of removal and maintaining 'accommodative' stance.",1.4492753623188406
2005-08-09,0.35,0.0,0.35,0.35,"The 25bp rate hike and acknowledgment of 'elevated' inflation pressures signal hawkish intent, but this is tempered by characterizing policy as still 'accommodative' and committing to only 'measured' pace of tightening with balanced risk assessment.",1.048951048951049
2005-09-20,0.45,0.0,0.45,0.45,"Despite acknowledging Hurricane Katrina's near-term economic disruptions, the Committee raised rates 25 basis points, emphasized that inflation pressures from energy costs remain a concern, and signaled continued measured removal of accommodation, indicating a moderately hawkish stance.",1.0869565217391304
2005-11-01,0.35,0.0,0.35,0.35,"The 25bp rate hike and acknowledgment that 'cumulative rise in energy and other costs has the potential to add to inflation pressures' signal a moderately hawkish stance, though tempered by language about 'measured' pace of tightening and contained inflation expectations.",1.0309278350515465
2005-12-13,0.65,0.0,0.65,0.65,"The statement signals continued hawkishness through an actual 25bp rate hike, explicit concern about inflation pressures from resource utilization and energy prices, and forward guidance that 'some further measured policy firming is likely to be needed,' indicating more rate increases ahead.",3.361344537815126
2006-01-31,0.65,0.0,0.65,0.65,"The statement announces a 25bp rate hike and signals 'some further policy firming may be needed' while expressing concern about inflation pressures from resource utilization and energy prices, indicating a clearly hawkish stance with continued tightening bias.",3.153153153153153
2006-03-28,0.65,0.0,0.65,0.65,"The statement signals continued hawkishness with a 25bp rate hike, explicit guidance that 'some further policy firming may be needed,' and concerns about inflation pressures from resource utilization and commodity prices, though tempered by acknowledging contained inflation expectations.",2.120141342756184
2006-05-10,0.65,0.0,0.65,0.65,"The statement delivers a 25bp rate hike while explicitly warning that 'some further policy firming may yet be needed to address inflation risks' and citing concerns about resource utilization and elevated commodity prices adding to inflation pressures, though the conditional language and emphasis on data dependency tempers the hawkishness somewhat.",2.416918429003021
2006-06-29,0.64,0.0173,0.62,0.65,"The statement raises rates 25bp, emphasizes 'elevated' core inflation readings and sustained inflation pressures from high resource utilization and commodity prices, while maintaining conditional language about 'additional firming that may be needed' - signaling a clear hawkish bias tempered only slightly by acknowledgment of growth moderation.",2.413793103448276
2006-08-08,0.3833,0.0577,0.35,0.45,"While the statement notes inflation pressures 'seem likely to moderate,' the emphasis on 'elevated' core inflation readings, 'some inflation risks remain,' and explicit mention of potential 'additional firming' signals a continued hawkish bias despite holding rates steady.",2.7149321266968327
2006-09-20,0.35,0.0,0.35,0.35,"While the statement acknowledges moderating growth and expects inflation pressures to ease, it maintains a hawkish tilt by emphasizing 'some inflation risks remain' and explicitly noting that 'additional firming may be needed,' keeping the door open to further rate hikes.",2.857142857142857
2006-10-25,0.35,0.0,0.35,0.35,"While acknowledging economic slowdown and expecting inflation to moderate, the statement maintains a hawkish tilt by emphasizing 'elevated' core inflation, 'inflation risks remain,' and explicitly referencing potential 'additional firming' rather than any easing bias.",2.803738317757009
2006-12-12,0.35,0.0,0.35,0.35,"While acknowledging economic slowdown and expecting inflation to moderate, the statement maintains a hawkish tilt by emphasizing 'elevated' core inflation readings, ongoing 'inflation risks,' and explicitly keeping open the possibility of 'additional firming' rather than signaling any easing bias.",2.6785714285714284
2007-01-31,0.35,0.0,0.35,0.35,"While noting improved core inflation readings, the statement maintains a hawkish tilt by emphasizing 'some inflation risks remain,' highlighting 'high level of resource utilization' as a potential inflation driver, and explicitly referencing possible 'additional firming' rather than any easing bias.",2.23463687150838
2007-03-21,0.65,0.0,0.65,0.65,"The statement explicitly identifies inflation risk as the 'predominant policy concern,' citing elevated core inflation readings and high resource utilization as potential sustaining factors, while downplaying growth concerns despite mixed indicators and housing adjustment.",0.591715976331361
2007-05-09,0.6333,0.0289,0.6,0.65,"The statement explicitly states that 'the Committee's predominant policy concern remains the risk that inflation will fail to moderate as expected,' indicating a clear hawkish bias with inflation concerns outweighing growth concerns despite acknowledging economic slowdown.",0.5952380952380952
2007-06-18,0.65,0.0,0.65,0.65,The statement's explicit declaration that 'the Committee's predominant policy concern remains the risk that inflation will fail to moderate' combined with concerns about 'high level of resource utilization' sustaining inflation pressures signals a clear hawkish bias despite holding rates steady.,0.0
2007-08-07,0.45,0.0,0.45,0.45,"Despite acknowledging increased downside risks to growth from tighter credit conditions and housing correction, the statement explicitly states that 'the Committee's predominant policy concern remains the risk that inflation will fail to moderate,' maintaining a hawkish bias with rates held at elevated levels.",0.0
2007-08-10,-0.3,0.0,-0.3,-0.3,"The statement signals a dovish accommodation by emphasizing liquidity provision and funding support to address market dislocations, though maintaining the existing 5-1/4% target rate prevents a more negative score.",0.0
2007-08-17,-0.6167,0.0289,-0.65,-0.6,"The statement emphasizes deteriorating financial conditions, downside risks to growth that have 'increased appreciably,' and signals readiness to act to mitigate adverse economic effects, indicating a clear dovish tilt focused on supporting growth rather than fighting inflation.",1.5384615384615383
2007-09-18,-0.6,0.0,-0.6,-0.6,"The 50 basis point rate cut combined with explicit concerns about credit tightening, housing correction, and financial market disruptions signal a clear dovish pivot to support economic growth, though the statement retains some inflation vigilance language.",1.1583011583011582
2007-10-31,0.1,0.0,0.1,0.1,"While the Fed cut rates 25bp citing housing correction and financial market strains, the statement emphasizes that inflation risks remain, notes upward pressure from energy/commodity prices, and concludes that upside inflation risks 'roughly balance' downside growth risks, signaling a relatively neutral-to-slightly-hawkish stance despite the easing action.",1.30718954248366
2007-12-11,-0.35,0.0,-0.35,-0.35,"The 25bp rate cut combined with emphasis on slowing growth, housing correction, and financial market strains signals a dovish tilt, though acknowledgment of inflation risks and commitment to monitor inflation developments prevents a more strongly dovish score.",1.4184397163120568
2008-01-22,-0.85,0.0,-0.85,-0.85,"A 75 basis point rate cut combined with language emphasizing 'weakening economic outlook,' 'deepening housing contraction,' 'softening labor markets,' and 'appreciable downside risks to growth' signals a strongly dovish stance focused on supporting the economy amid deteriorating conditions.",0.7751937984496124
2008-01-30,-0.75,0.0,-0.75,-0.75,"The 50 basis point rate cut combined with emphasis on 'considerable stress' in financial markets, 'deepening housing contraction,' 'softening in labor markets,' and persistent 'downside risks to growth' signals a strongly dovish stance focused on supporting economic activity.",1.1764705882352942
2008-03-11,-0.6,0.0,-0.6,-0.6,"The statement announces aggressive emergency liquidity measures ($200 billion TSLF, expanded swap lines, TAF expansion) in coordination with other central banks to address funding market stress, signaling significant concern about financial system functioning rather than inflation, which is decidedly dovish crisis-response policy.",0.4705882352941176
2008-03-18,-0.62,0.0,-0.62,-0.62,"A 75 basis point rate cut combined with language emphasizing weakened economic outlook, slowing consumer spending, softening labor markets, and financial stress signals a strongly dovish stance, though tempered slightly by explicit inflation concerns and monitoring language.",1.3605442176870748
2008-04-30,-0.45,0.0,-0.45,-0.45,"The 25 basis point rate cut and emphasis on weak economic activity, softening labor markets, tight credit conditions, and deepening housing contraction signal a dovish stance, though concerns about rising inflation expectations and commodity prices temper the dovishness somewhat.",0.0
2008-06-25,0.35,0.0,0.35,0.35,"The statement signals a hawkish shift by noting that 'downside risks to growth appear to have diminished somewhat' while 'upside risks to inflation and inflation expectations have increased,' suggesting the Fed's focus is tilting toward inflation concerns despite holding rates steady.",2.755905511811024
2008-08-05,0.35,0.0,0.35,0.35,"While acknowledging downside growth risks, the statement emphasizes that 'upside risks to inflation are also of significant concern' and notes elevated inflation expectations, signaling a hawkish tilt despite holding rates steady.",2.409638554216868
2008-09-16,-0.1833,0.0289,-0.2,-0.15,"While the statement acknowledges high inflation and upside inflation risks, the emphasis on significant financial market strains, weakened labor markets, slowing economic growth, and the decision to hold rates steady after substantial easing suggests a slightly dovish tilt focused on downside growth risks.",1.762114537444934
2008-10-08,-0.7333,0.0289,-0.75,-0.7,"The statement announces a coordinated 50 basis point rate cut citing weakening economic activity, intensifying financial crisis, and diminished inflation concerns, representing a clearly dovish policy response prioritizing growth over inflation risks.",1.1160714285714286
2008-10-29,-0.85,0.0,-0.85,-0.85,"The statement is strongly dovish, featuring a 50 basis point rate cut, emphasis on markedly slowed economic activity, financial market turmoil, weakening consumer and business spending, and explicit focus on downside risks to growth with expectation that inflation will moderate to acceptable levels.",0.0
2008-12-16,-0.95,0.0,-0.95,-0.95,"The statement is extremely dovish, cutting rates to near-zero (0-0.25%), explicitly stating weak conditions warrant 'exceptionally low levels of the federal funds rate for some time,' and announcing large-scale asset purchases to stimulate the economy amid deteriorating labor markets and declining economic activity.",0.7317073170731708
2009-01-28,-0.85,0.0,-0.85,-0.85,"The statement is strongly dovish, maintaining near-zero rates with explicit commitment to 'exceptionally low levels for some time,' expressing concern about economic weakness, deflation risk ('inflation could persist below rates that best foster growth'), and announcing aggressive balance sheet expansion through asset purchases.",-0.6172839506172839
2009-03-18,-0.85,0.0,-0.85,-0.85,"The statement is strongly dovish, announcing massive expansion of QE purchases ($750B MBS, $300B Treasuries), maintaining near-zero rates 'for an extended period,' and expressing concern that inflation could persist 'below rates that best foster economic growth' while the economy 'continues to contract.'",-0.4705882352941176
2009-04-29,-0.85,0.0,-0.85,-0.85,"The statement is strongly dovish, emphasizing ongoing economic contraction, weak activity likely to persist, inflation expected to remain subdued with downside risks, commitment to exceptionally low rates for an extended period, and massive quantitative easing programs totaling over $1.75 trillion in asset purchases.",-1.8648018648018647
2009-06-24,-0.75,0.0,-0.75,-0.75,"The statement is strongly dovish, emphasizing economic contraction, job losses, tight credit, maintaining near-zero rates 'for an extended period,' and continuing large-scale asset purchases totaling nearly $1.75 trillion to support recovery.",-1.0498687664041997
2009-08-12,-0.7333,0.0289,-0.75,-0.7,"The statement maintains exceptionally low rates 'for an extended period,' continues large-scale asset purchases, emphasizes weak economic activity, job losses, and expects inflation to remain subdued due to substantial resource slack, signaling a strongly accommodative stance.",-0.9456264775413712
2009-09-23,-0.75,0.0,-0.75,-0.75,"The statement maintains near-zero rates 'for an extended period,' continues massive asset purchases totaling $1.45 trillion, and emphasizes substantial resource slack, weak economic activity, and subdued inflation expectations, signaling a strongly accommodative stance focused on supporting recovery.",-0.936768149882904
2009-11-04,-0.75,0.0,-0.75,-0.75,"The statement is decidedly dovish, emphasizing 'substantial resource slack,' 'subdued inflation,' maintaining near-zero rates 'for an extended period,' and continuing large-scale asset purchases of $1.25 trillion in MBS to support economic recovery amid ongoing job losses and weak activity.",-1.4989293361884368
2009-12-16,-0.65,0.0,-0.65,-0.65,"The statement maintains exceptionally low rates (0-0.25%) for an 'extended period,' continues massive MBS purchases, and emphasizes 'substantial resource slack' dampening inflation, signaling strong dovish accommodation despite gradual wind-down of emergency facilities.",-1.76678445229682
2010-01-27,-0.5,0.0,-0.5,-0.5,"The statement maintains exceptionally low rates for an 'extended period' and emphasizes substantial resource slack, subdued inflation, and weak labor markets, though the winding down of emergency facilities and gradual slowing of MBS purchases signals a modest move toward normalization.",-1.2773722627737227
2010-03-16,-0.6,0.0,-0.6,-0.6,"The statement emphasizes substantial resource slack, subdued inflation expectations, commitment to exceptionally low rates for an extended period, and notes ongoing constraints from high unemployment and tight credit, signaling a dovish stance despite acknowledging some economic strengthening.",-0.6681514476614699
2010-04-28,-0.6,0.0,-0.6,-0.6,"The statement maintains exceptionally low rates 'for an extended period,' emphasizes 'substantial resource slack,' 'subdued inflation,' and multiple economic headwinds including high unemployment and tight credit, signaling a clearly dovish stance focused on supporting recovery rather than inflation concerns.",-0.7246376811594203
2010-05-09,-0.6,0.0,-0.6,-0.6,"The statement announces emergency dollar liquidity swap facilities to address funding market strains, signaling significant concern about financial stability and market stress rather than inflation, which represents a distinctly dovish crisis-response posture.",-0.641025641025641
2010-06-23,-0.65,0.0,-0.65,-0.65,"The statement emphasizes substantial resource slack, subdued inflation likely 'for some time,' declining commodity prices, and commits to exceptionally low rates 'for an extended period,' signaling a clearly dovish stance focused on supporting recovery amid weak labor markets and tight credit conditions.",-1.098901098901099
2010-08-10,-0.75,0.0,-0.75,-0.75,"The statement is strongly dovish, emphasizing slowed recovery, high unemployment, subdued inflation trending lower, and commitment to maintaining exceptionally low rates for an extended period while reinvesting securities to support economic recovery.",-1.282051282051282
2010-09-21,-0.75,0.0,-0.75,-0.75,"The statement is strongly dovish, emphasizing slowed recovery, high unemployment, below-target inflation, and explicitly stating the Fed 'is prepared to provide additional accommodation if needed' while maintaining exceptionally low rates 'for an extended period.'",-2.088167053364269
2010-11-03,-0.8167,0.0577,-0.85,-0.75,"The statement announces QE2 with $600 billion in additional Treasury purchases, maintains near-zero rates for an 'extended period,' and emphasizes concerns about elevated unemployment, 'disappointingly slow' progress, and inflation running 'somewhat low' - all strongly dovish signals indicating aggressive monetary accommodation.",-0.4032258064516129
2010-12-14,-0.75,0.0,-0.75,-0.75,"The statement is strongly dovish, emphasizing elevated unemployment, depressed housing, 'disappointingly slow' progress, and committing to $600 billion in additional Treasury purchases (QE2) while maintaining near-zero rates 'for an extended period' to support economic recovery.",-0.8080808080808081
2011-01-26,-0.75,0.0,-0.75,-0.75,"The statement is strongly dovish, emphasizing 'disappointingly slow' progress on employment, continuing QE2 ($600 billion in Treasury purchases), maintaining near-zero rates for an 'extended period,' and noting that underlying inflation is 'trending downward' and 'somewhat low' relative to mandate.",-1.5909090909090908
2011-03-15,-0.35,0.0,-0.35,-0.35,"While acknowledging rising commodity and oil prices putting upward pressure on inflation, the statement maintains QE2 asset purchases, near-zero rates for an 'extended period,' and explicitly characterizes inflation pressures as 'transitory,' signaling continued accommodative policy despite emerging price concerns.",-1.284796573875803
2011-04-27,-0.3333,0.0289,-0.35,-0.3,"While the statement acknowledges rising commodity and oil prices pushing up inflation, the Committee explicitly expects these effects to be 'transitory,' maintains near-zero rates for an 'extended period,' and continues QE2 purchases, indicating a predominantly dovish stance focused on supporting economic recovery.",-0.8565310492505354
2011-06-22,-0.3167,0.0289,-0.35,-0.3,"Despite acknowledging elevated inflation from commodities, the statement emphasizes temporary factors, maintains exceptionally low rates for an 'extended period,' and expresses concern about slower-than-expected recovery and weak labor markets, signaling a dovish bias.",-1.5151515151515151
2011-08-09,-0.75,0.0,-0.75,-0.75,"The statement is strongly dovish, citing 'considerably slower' growth than expected, deteriorating labor markets, rising unemployment, and extending the low-rate commitment 'at least through mid-2013' while signaling readiness to employ additional policy tools to promote recovery.",-0.7547169811320755
2011-09-21,-0.75,0.0,-0.75,-0.75,"The statement is strongly dovish, announcing Operation Twist ($400B maturity extension program) and MBS reinvestment to lower long-term rates, while emphasizing 'significant downside risks,' slow growth, elevated unemployment, and committing to exceptionally low rates through mid-2013.",-0.4983388704318937
2011-11-02,-0.7067,0.0115,-0.72,-0.7,"The statement emphasizes significant downside risks to the economic outlook, continuing labor market weakness, and commits to maintaining exceptionally low rates through mid-2013 while expressing willingness to employ additional tools for stronger recovery, signaling a strongly accommodative stance.",-0.4008016032064128
2011-12-13,-0.65,0.0,-0.65,-0.65,"The statement is dovish, emphasizing elevated unemployment, depressed housing, slowing global growth, and commitment to maintain exceptionally low rates through mid-2013, while noting inflation has moderated and is expected to remain at or below mandate-consistent levels.",-0.4524886877828055
2012-01-25,-0.75,0.0,-0.75,-0.75,"The statement is strongly dovish, extending the exceptionally low rate guidance through late 2014, emphasizing downside risks from global financial strains, elevated unemployment, subdued inflation, and committing to maintain a highly accommodative stance to support economic recovery.",-0.6960556844547563
2012-03-13,-0.6,0.0,-0.6,-0.6,"The statement maintains highly accommodative policy with near-zero rates extended through late 2014, continues maturity extension program, emphasizes downside risks from global financial strains, and views the oil-driven inflation uptick as temporary, all signaling a strongly dovish stance focused on supporting economic recovery.",-0.2272727272727272
2012-04-25,-0.6167,0.0289,-0.65,-0.6,"The statement maintains highly accommodative policy with near-zero rates extended through late 2014, views oil-driven inflation as temporary, emphasizes downside risks from global financial strains, and commits to continuing securities programs to support recovery.",-0.6681514476614699
2012-06-20,-0.75,0.0,-0.75,-0.75,"The statement is strongly dovish, emphasizing slowing employment growth, elevated unemployment, global financial risks, and commitment to 'highly accommodative' policy with exceptionally low rates through late 2014, while explicitly stating readiness for further easing action.",-0.9765625
2012-08-01,-0.75,0.0,-0.75,-0.75,"The statement is strongly dovish, emphasizing economic deceleration, elevated unemployment, declining inflation, significant downside risks from global financial strains, and a commitment to maintain 'highly accommodative' policy with exceptionally low rates through late 2014, while pledging 'additional accommodation as needed.'",-0.6396588486140725
2012-09-13,-0.85,0.0,-0.85,-0.85,"The statement announces a new open-ended QE3 program of $40 billion monthly MBS purchases, explicitly conditions continued easing on labor market improvement, extends the low-rate guidance through mid-2015, and expresses concern that growth is insufficient to improve employment—all strongly dovish signals.",0.0
2012-10-24,-0.75,0.0,-0.75,-0.75,"The statement is strongly dovish, emphasizing concerns about slow employment growth, elevated unemployment, global financial market risks, and committing to continued large-scale asset purchases ($85 billion/month) with forward guidance keeping rates near zero through mid-2015, while expressing readiness to undertake additional purchases if labor market doesn't improve.",-0.7142857142857143
2012-12-12,-0.75,0.0,-0.75,-0.75,"The statement is strongly dovish, announcing expansion of asset purchases to $85 billion monthly, maintaining near-zero rates with new threshold-based forward guidance tied to 6.5% unemployment, and expressing explicit concern that growth may be insufficient without policy accommodation while noting inflation is running below target.",-1.566951566951567
2013-01-30,-0.7,0.0,-0.7,-0.7,"The statement is strongly dovish, committing to continued large-scale asset purchases ($85 billion/month), maintaining near-zero rates until unemployment falls below 6.5%, citing 'downside risks' to growth, and noting inflation running 'below' the 2% objective with no urgency to tighten.",-1.3636363636363635
2013-03-20,-0.65,0.0,-0.65,-0.65,"The statement maintains aggressive QE at $85 billion/month, emphasizes downside economic risks, notes inflation running below target, and commits to keeping rates near zero until unemployment falls below 6.5%, signaling a strongly accommodative stance.",-1.062215477996965
2013-05-01,-0.6833,0.0577,-0.75,-0.65,"The statement is notably dovish, emphasizing continued large-scale asset purchases ($85 billion/month), maintaining near-zero rates until unemployment falls below 6.5%, acknowledging 'downside risks to the economic outlook,' and noting inflation running 'somewhat below' the 2% target.",-1.0218978102189782
2013-06-19,-0.45,0.1,-0.55,-0.35,"The statement maintains highly accommodative policy with continued QE at $85 billion/month, near-zero rates, and emphasizes elevated unemployment and below-target inflation, though noting diminished downside risks and introducing flexibility to adjust purchase pace signals a slightly less dovish stance than pure accommodation.",-0.8415147265077139
2013-07-31,-0.4333,0.1443,-0.6,-0.35,"The statement maintains highly accommodative policy with continued large-scale asset purchases ($85B/month) and near-zero rates, while expressing concern about below-target inflation and elevated unemployment, though slightly less dovish than prior statements due to noting diminished downside risks and housing sector strengthening.",-0.8379888268156425
2013-09-18,-0.35,0.0,-0.35,-0.35,"The statement maintains full QE purchases at $85 billion monthly despite acknowledging economic improvement, emphasizes waiting for 'more evidence' before tapering, expresses concern about below-target inflation and tightening financial conditions, and commits to highly accommodative policy for 'a considerable time,' signaling a moderately dovish stance.",-0.3663003663003663
2013-10-30,-0.35,0.0,-0.35,-0.35,"The statement maintains full QE pace ($85B/month) and near-zero rates, expresses concern about below-target inflation and elevated unemployment, while noting the need to 'await more evidence' before tapering, though acknowledging diminished downside risks suggests a slightly less dovish stance than prior meetings.",-0.6273525721455459
2013-12-18,0.15,0.0,0.15,0.15,"The statement announces the first taper of asset purchases, signaling confidence in economic improvement, but maintains highly accommodative forward guidance on rates and emphasizes concerns about below-target inflation, resulting in a modestly hawkish tilt.",-1.4460511679644048
2014-01-29,0.15,0.0,0.15,0.15,"The statement reflects a mildly hawkish tilt due to the continued tapering of asset purchases ($10 billion reduction), balanced by persistent dovish language about maintaining accommodation 'for a considerable time' and concerns about below-target inflation.",-1.3921113689095126
2014-03-19,0.15,0.0,0.15,0.15,"The statement continues measured tapering of asset purchases ($10B reduction) signaling gradual normalization, while maintaining highly accommodative stance with low rates 'for a considerable time' and expressing concern about below-target inflation, resulting in a slightly hawkish lean driven by ongoing QE reduction despite dovish forward guidance.",-1.756311745334797
2014-04-30,0.15,0.0,0.15,0.15,"The statement reflects a mildly hawkish tilt through continued tapering of asset purchases ($10 billion reduction), while the commitment to maintain near-zero rates 'for a considerable time' and acknowledgment that inflation remains below target temper the hawkishness significantly.",-1.7772511848341233
2014-06-18,0.15,0.0,0.15,0.15,"The statement reflects a mildly hawkish tilt due to the continued tapering of asset purchases ($10 billion reduction), citing 'cumulative progress toward maximum employment,' though this is tempered by commitments to maintain highly accommodative policy and keep rates low 'for a considerable time' given below-target inflation.",-1.8050541516245489
2014-07-30,0.1833,0.0577,0.15,0.25,"The statement shows a mild hawkish tilt through continued tapering of asset purchases ($10B reduction) and improved confidence in labor markets, but this is largely offset by commitments to maintain highly accommodative policy 'for a considerable time' and explicit acknowledgment that rates may stay below normal 'for some time' even after reaching mandate-consistent levels.",-1.805869074492099
2014-09-17,0.2833,0.0577,0.25,0.35,"The statement signals a hawkish tilt by announcing further tapering of asset purchases and indicating the program will likely end at the next meeting, while noting diminished concerns about persistently low inflation, though this is tempered by language about maintaining accommodation 'for a considerable time' after purchases end.",-1.935483870967742
2014-10-29,0.25,0.0,0.25,0.25,"The statement is mildly hawkish due to the decisive conclusion of the asset purchase program (QE tapering completion) and acknowledgment that 'the likelihood of inflation running persistently below 2 percent has diminished,' though this is tempered by maintaining zero rates 'for a considerable time' and emphasizing data-dependency.",-2.0
2014-12-17,-0.2167,0.0577,-0.25,-0.15,"The statement maintains near-zero rates with 'patient' guidance and notes inflation running below target, but acknowledges solid labor market improvements and explicitly states rate increases could come 'sooner than currently anticipated' if progress accelerates, suggesting a gradual shift toward normalization.",-1.5915119363395225
2015-01-28,-0.2167,0.0577,-0.25,-0.15,"The statement maintains a dovish stance by emphasizing patience in normalizing policy, keeping rates near zero, continuing reinvestment of securities, and explicitly noting rates may remain below normal 'for some time' even after reaching mandate-consistent levels, though balanced by acknowledgment of improving labor markets.",-1.5437392795883362
2015-03-18,0.0167,0.2309,-0.25,0.15,"The statement maintains highly accommodative policy with rates at 0-0.25%, emphasizes inflation remains below target, and signals rates will stay below normal 'for some time' even after reaching mandate-consistent levels, though the removal of 'patient' language and acknowledgment of labor market improvement adds a slight hawkish tilt.",-1.001669449081803
2015-04-29,-0.35,0.0,-0.35,-0.35,"The statement emphasizes slowing growth, soft inflation below target, and explicitly states rates will remain below normal 'for some time' even after reaching mandate-consistent levels, while maintaining substantial accommodation through reinvestment policy.",-2.083333333333333
2015-06-17,0.15,0.0,0.15,0.15,"The statement signals gradual progress toward rate liftoff with the phrase 'anticipates that it will be appropriate to raise the target range' while maintaining accommodative policy, reflecting a mildly hawkish lean tempered by continued low inflation concerns and commitment to data-dependent tightening.",-1.7825311942959003
2015-07-29,0.25,0.0,0.25,0.25,"The statement signals a mild hawkish tilt by noting 'underutilization of labor resources has diminished' and indicating rate hikes will be appropriate after 'some further improvement in the labor market,' though this is tempered by guidance that rates will remain below normal 'for some time' even after reaching mandate-consistent levels.",-1.6216216216216215
2015-09-17,-0.35,0.0,-0.35,-0.35,"The statement maintains near-zero rates, emphasizes global economic risks restraining activity, acknowledges persistent below-target inflation, and signals that even after reaching mandate-consistent levels, rates will remain below normal 'for some time,' reflecting a cautious, accommodative stance despite labor market improvements.",-1.1608623548922057
2015-10-28,0.15,0.0,0.15,0.15,"The statement signals a modest hawkish tilt by explicitly discussing conditions for raising rates 'at its next meeting' and noting diminished labor underutilization, while balanced by continued accommodation and acknowledgment that rates may stay below normal 'for some time.'",-1.1784511784511784
2015-12-16,0.35,0.0,0.35,0.35,"The statement announces the first rate hike in nearly a decade, signaling confidence in economic improvement and labor market strength, though the hawkishness is tempered by repeated emphasis on 'gradual' adjustments and acknowledgment that inflation remains below target.",-0.6578947368421052
2016-01-27,-0.1833,0.0577,-0.25,-0.15,"While the statement maintains a gradual rate hike path, the emphasis on monitoring global risks, inflation running below target, and the explicit mention that rates will remain 'below levels expected to prevail in the longer run' for some time signals a cautiously dovish stance despite recent labor market strength.",-0.5190311418685121
2016-03-16,-0.25,0.0,-0.25,-0.25,"While acknowledging labor market strength and inflation pickup, the statement emphasizes global risks, maintains accommodative policy, stresses 'gradual' rate increases, and notes the 'current shortfall of inflation from 2 percent,' signaling a cautious, slightly dovish stance despite being in a tightening cycle.",-0.8488964346349746
2016-04-27,-0.2167,0.0577,-0.25,-0.15,"The statement maintains an accommodative stance with rates held at near-zero, emphasizes inflation running below target and 'shortfall of inflation from 2 percent,' and signals only 'gradual' future rate increases, though acknowledgment of labor market strengthening provides a slight hawkish offset.",-0.8417508417508417
2016-06-15,-0.3167,0.0577,-0.35,-0.25,"The statement emphasizes slowing labor market improvement, inflation running persistently below 2%, and commits to only 'gradual' rate increases with rates remaining 'below levels that are expected to prevail in the longer run,' signaling a patient, accommodative stance despite acknowledging some economic pickup.",-1.607142857142857
2016-07-27,0.15,0.0,0.15,0.15,"The statement notes diminished near-term risks and strong labor market gains suggesting a modest hawkish tilt, but this is tempered by continued emphasis on 'only gradual increases' and below-target inflation requiring careful monitoring.",-1.1986301369863013
2016-09-21,0.25,0.0,0.25,0.25,"The statement explicitly notes 'the case for an increase in the federal funds rate has strengthened,' signaling a mild hawkish tilt, though this is tempered by the decision to hold rates and language emphasizing gradual adjustments and monitoring inflation's shortfall from target.",-0.6430868167202572
2016-11-02,0.25,0.0,0.25,0.25,"The statement explicitly notes 'the case for an increase in the federal funds rate has continued to strengthen' and expects 'gradual increases,' signaling a mild hawkish tilt, though tempered by the decision to wait for further evidence and maintain accommodative policy.",-0.487012987012987
2016-12-14,0.35,0.0,0.35,0.35,"The statement announces a rate hike and projects further gradual increases while noting strengthening labor markets and rising inflation expectations, though the emphasis on 'gradual' pace and continued accommodative stance tempers the hawkishness.",-0.8976660682226212
2017-02-01,0.15,0.0,0.15,0.15,"The statement signals a gradual tightening bias with expectations of continued rate increases, but maintains accommodative policy and emphasizes patience due to inflation remaining below target, resulting in a mildly hawkish overall tone.",-1.1560693641618496
2017-03-15,0.35,0.0,0.35,0.35,"The statement announces a rate hike and signals expectation of gradual future increases, but maintains accommodative language, emphasizes balance sheet reinvestment continuation, and describes near-term risks as 'roughly balanced,' reflecting a moderately hawkish but measured stance.",-0.7393715341959335
2017-05-03,0.2833,0.0577,0.25,0.35,"The statement signals a modest hawkish lean by characterizing Q1 slowdown as 'transitory,' expecting 'gradual increases' in rates, and noting inflation is running close to the 2% target, while maintaining current rates and accommodative policy tempers the hawkishness.",-1.303538175046555
2017-06-14,0.35,0.0,0.35,0.35,"The statement is moderately hawkish due to the rate hike to 1-1/4%, expectation of gradual future increases, and announcement of balance sheet normalization beginning this year, though tempered by acknowledgment that inflation is running below target and policy remains accommodative.",-1.0526315789473684
2017-07-26,0.15,0.0,0.15,0.15,"The statement leans slightly hawkish with expectations for 'gradual increases' in rates and plans to begin balance sheet normalization 'relatively soon,' though this is tempered by acknowledgment that inflation is running below 2 percent and the accommodative stance is being maintained.",-1.147227533460803
2017-09-20,0.3333,0.0289,0.3,0.35,"The statement signals continued gradual tightening with explicit announcement of balance sheet normalization beginning in October, expectation of 'gradual increases' in rates, while acknowledging inflation remains below target, creating a moderately hawkish lean.",-1.090909090909091
2017-11-01,0.2833,0.0577,0.25,0.35,"The statement signals a modest hawkish tilt by explicitly expecting 'gradual increases in the federal funds rate' and noting balance sheet normalization is proceeding, despite acknowledging inflation remains below 2 percent.",-1.3257575757575757
2017-12-13,0.35,0.0,0.35,0.35,"The statement announces a rate hike and signals expectation of gradual future increases, but tempers hawkishness by noting inflation remains below 2% target and emphasizing the 'symmetric' inflation goal with accommodative policy stance.",-1.394422310756972
2018-01-31,0.35,0.0,0.35,0.35,"The statement signals a moderately hawkish stance with explicit expectations for 'further gradual increases in the federal funds rate' and confidence that inflation will 'move up this year' toward the 2% target, while maintaining current rates and describing policy as still 'accommodative.'",-1.146788990825688
2018-03-21,0.4167,0.0577,0.35,0.45,"The statement is moderately hawkish, featuring a rate hike to 1.5-1.75%, expectations of 'further gradual increases,' a strengthened economic outlook, and confidence that inflation will stabilize at 2%, though tempered by noting policy 'remains accommodative' and inflation still running below target.",-0.6479481641468683
2018-05-02,0.35,0.0,0.35,0.35,"The statement signals a moderately hawkish stance by explicitly expecting 'further gradual increases in the federal funds rate' while noting inflation has moved close to 2 percent and labor markets remain strong, though the emphasis on 'symmetric' inflation goal and 'gradual' pace tempers the hawkishness.",-0.9174311926605504
2018-06-13,0.45,0.0,0.45,0.45,"The statement is moderately hawkish, featuring a rate hike to 1.75-2%, strong confidence in labor market and economic conditions, inflation near target, and explicit guidance for 'further gradual increases' while still acknowledging policy 'remains accommodative'.",-0.6006006006006006
2018-08-01,0.35,0.0,0.35,0.35,"The statement signals a moderately hawkish stance by emphasizing 'strong' economic activity, continued labor market strengthening, and explicitly stating that 'further gradual increases' in rates will be consistent with objectives, while noting policy 'remains accommodative' suggesting more tightening ahead.",-0.9345794392523364
2018-09-26,0.45,0.0,0.45,0.45,"The statement is moderately hawkish, delivering a rate hike while signaling further gradual increases, emphasizing strong economic activity, robust labor markets, and inflation near target, though 'symmetric' inflation language and 'roughly balanced' risks temper the hawkishness somewhat.",-0.3289473684210526
2018-11-08,0.35,0.0,0.35,0.35,"The statement signals continued gradual rate increases with strong economic activity and labor market conditions, but the balanced risk assessment and symmetric inflation language temper the hawkishness.",-0.6309148264984227
2018-12-19,0.3833,0.0577,0.35,0.45,"The statement is moderately hawkish with a rate hike to 2.25-2.50% and guidance for 'some further gradual increases,' though the emphasis on 'symmetric' inflation target and monitoring global developments suggests a balanced approach tempering the hawkishness.",-0.2906976744186046
2019-01-30,-0.35,0.0,-0.35,-0.35,"The statement signals a dovish shift by emphasizing the Fed 'will be patient' on future rate adjustments due to 'global economic and financial developments and muted inflation pressures,' indicating a pause in the tightening cycle despite strong labor market conditions.",-1.4577259475218658
2019-03-20,-0.35,0.0,-0.35,-0.35,"The statement's emphasis on being 'patient' regarding future rate adjustments, combined with acknowledgment of slowed economic growth, muted inflation pressures, and global economic concerns, signals a dovish tilt away from further tightening despite maintaining current rates.",-1.6713091922005572
2019-05-01,-0.35,0.0,-0.35,-0.35,"The statement emphasizes 'muted inflation pressures' with inflation 'running below 2 percent' and commits to being 'patient' on future rate adjustments, signaling a dovish tilt despite maintaining rates and acknowledging a strong labor market.",-1.791044776119403
2019-06-19,-0.35,0.0,-0.35,-0.35,"The statement signals a dovish shift with the new phrase 'will act as appropriate to sustain the expansion,' combined with emphasis on 'increased uncertainties' and 'muted inflation pressures,' suggesting the Fed is preparing the ground for potential rate cuts rather than maintaining a neutral stance.",-1.0810810810810811
2019-07-31,-0.35,0.0,-0.35,-0.35,"The statement announces a 25bp rate cut citing 'muted inflation pressures' and 'global developments,' though the relatively hawkish framing of a 'strong labor market' and characterizing the cut as 'insurance' to 'sustain the expansion' rather than responding to weakness tempers the dovish signal.",-1.4388489208633095
2019-09-18,-0.35,0.0,-0.35,-0.35,"The statement announces a rate cut citing 'global developments' and 'muted inflation pressures,' with inflation running below target, though the strong labor market language and characterization of the cut as supporting expansion rather than responding to weakness tempers the dovish signal.",-1.25
2019-10-11,-0.1833,0.0289,-0.2,-0.15,"The statement announces Treasury bill purchases and repo operations to maintain ample reserves, which represents balance sheet expansion (a form of easing), though the Fed explicitly emphasizes these are 'purely technical measures' rather than a change in monetary policy stance, making this only mildly dovish.",0.5457025920873124
2019-10-30,-0.4,0.0866,-0.5,-0.35,"The statement announces a rate cut citing 'muted inflation pressures' and 'global developments' concerns, with inflation running below target, though the strong labor market and moderate growth provide some offsetting hawkish elements.",-1.6528925619834711
2019-12-11,-0.2667,0.0289,-0.3,-0.25,"The statement maintains a dovish-leaning neutral stance by holding rates steady, explicitly noting inflation running 'below 2 percent,' highlighting 'muted inflation pressures,' and expressing concern about weak business investment and exports, though balanced by acknowledgment of strong labor markets.",-1.834862385321101
2020-01-29,-0.2,0.0,-0.2,-0.2,"The statement maintains a neutral-to-dovish tone by holding rates steady, noting inflation running below the 2% target, highlighting 'muted inflation pressures,' and expressing concern about weak business investment and exports, while acknowledging labor market strength provides some balance.",-1.834862385321101
2020-03-03,-0.85,0.0,-0.85,-0.85,The 50 basis point emergency rate cut combined with language emphasizing 'evolving risks to economic activity' and commitment to 'act as appropriate to support the economy' signals a strongly dovish stance prioritizing growth concerns over inflation.,0.0
2020-03-15,-0.9,0.0,-0.9,-0.9,"Emergency rate cut to near-zero (0-0.25%), massive QE announcement ($700B+ in asset purchases), and commitment to use 'full range of tools' to support the economy signals maximum dovish crisis response to coronavirus disruption.",-1.4064697609001406
2020-03-23,-0.9167,0.0577,-0.95,-0.85,"This emergency statement announces unlimited QE purchases ('amounts needed'), near-zero rates (0-0.25%), large-scale repo operations, and multiple credit facilities explicitly to 'support the economy in this challenging time,' reflecting an extraordinarily dovish crisis response with no mention of inflation concerns.",0.1597444089456869
2020-04-29,-0.85,0.0,-0.85,-0.85,"The statement is strongly dovish, emphasizing 'tremendous human and economic hardship,' 'sharp declines in economic activity,' 'surge in job losses,' and committing to maintain near-zero rates and continue large-scale asset purchases until the economy recovers, with no mention of inflation concerns beyond noting 'muted inflation pressures.'",-1.3636363636363635
2020-06-10,-0.85,0.0,-0.85,-0.85,"The statement is highly dovish, emphasizing 'tremendous human and economic hardship,' committing to maintain near-zero rates until confident the economy has 'weathered recent events,' and pledging ongoing large-scale asset purchases to support credit flow, with virtually no concern expressed about inflation risks.",-1.1286681715575622
2020-07-29,-0.85,0.0,-0.85,-0.85,"The statement is strongly dovish, emphasizing 'tremendous human and economic hardship,' maintaining near-zero rates until confident the economy has 'weathered recent events,' committing to ongoing large-scale asset purchases, and highlighting that the pandemic 'poses considerable risks to the economic outlook over the medium term.'",-1.5086206896551724
2020-08-27,-0.6333,0.0577,-0.7,-0.6,"The framework shift to average inflation targeting, explicit tolerance for inflation 'moderately above 2 percent for some time,' and changing from 'deviations' to 'shortfalls' in employment language all signal a dovish bias that prioritizes employment and accepts higher inflation.",-1.0703363914373087
2020-09-16,-0.85,0.0,-0.85,-0.85,"The statement is strongly dovish, committing to maintain near-zero rates until maximum employment is achieved and inflation exceeds 2% for some time, while continuing substantial asset purchases, with explicit acknowledgment that inflation is running persistently below target.",-2.131438721136768
2020-11-05,-0.85,0.0,-0.85,-0.85,"The statement is strongly dovish, emphasizing commitment to maintaining near-zero rates and ongoing asset purchases until maximum employment is achieved and inflation sustainably exceeds 2%, while expressing significant concern about pandemic-related economic weakness and downside risks.",-2.2869022869022877
2020-12-16,-0.85,0.0,-0.85,-0.85,"The statement is strongly dovish, committing to near-zero rates and $120 billion monthly asset purchases until 'substantial further progress' is made, explicitly tolerating inflation 'moderately above 2 percent for some time,' and emphasizing pandemic-related economic weakness and downside risks.",-2.42914979757085
2021-01-27,-0.85,0.0,-0.85,-0.85,"The statement is highly dovish, emphasizing continued accommodative policy with near-zero rates and $120 billion monthly asset purchases until 'substantial further progress' is made, explicitly tolerating inflation 'moderately above 2 percent for some time' while expressing significant concern about pandemic-related economic weakness.",-2.404809619238477
2021-03-17,-0.85,0.0,-0.85,-0.85,"The statement is highly dovish, emphasizing commitment to maintaining near-zero rates and $120 billion monthly asset purchases until 'substantial further progress' is made, explicitly tolerating inflation 'moderately above 2 percent for some time,' and highlighting ongoing pandemic risks to the economy.",-2.636916835699797
2021-04-28,-0.75,0.0,-0.75,-0.75,"The statement is strongly dovish, emphasizing commitment to maintaining near-zero rates and $120 billion monthly asset purchases until 'substantial further progress' is achieved, while explicitly dismissing inflation as 'transitory' and aiming to let inflation run 'moderately above 2 percent for some time.'",-2.4489795918367347
2021-06-16,-0.6333,0.0289,-0.65,-0.6,"The statement maintains highly accommodative policy with near-zero rates and $120 billion monthly asset purchases, explicitly commits to keeping this stance until maximum employment is achieved, and dismisses rising inflation as 'largely reflecting transitory factors,' signaling a strong dovish bias focused on employment recovery.",-2.663934426229508
2021-07-28,-0.35,0.0,-0.35,-0.35,"The statement maintains a dovish stance by keeping rates at 0-0.25%, continuing $120B monthly asset purchases, and explicitly describing inflation as 'largely reflecting transitory factors,' while committing to accommodate inflation moderately above 2% for some time, though the acknowledgment of economic progress and that 'the economy has made progress toward these goals' introduces a slight hawkish tilt.",-2.395209580838324
2021-09-22,0.25,0.0,0.25,0.25,"The statement signals a modest hawkish tilt by noting inflation is 'elevated' and that 'a moderation in the pace of asset purchases may soon be warranted,' indicating the Fed is preparing to begin tapering, while still maintaining accommodative policy and characterizing inflation as largely transitory.",-2.119460500963391
2021-11-03,0.35,0.0,0.35,0.35,"The statement announces the beginning of tapering asset purchases ($15 billion/month reduction), which is a hawkish policy shift, though it maintains near-zero rates and characterizes inflation as 'transitory,' tempering the hawkish signal with continued accommodative language.",-1.4331210191082804
2021-12-15,0.45,0.0,0.45,0.45,"The statement acknowledges elevated inflation that has 'exceeded 2 percent for some time' and announces an acceleration of tapering ($30 billion monthly reduction in asset purchases), signaling a clear shift toward policy normalization, though it maintains near-zero rates and retains flexibility language that tempers the hawkish tilt.",-1.48975791433892
2022-01-26,0.6733,0.0404,0.65,0.72,"The statement signals clear hawkish intent with explicit language that rate hikes will come 'soon,' acknowledges inflation is 'well above 2 percent,' and confirms accelerated tapering ending in early March, despite maintaining current rates at zero.",-0.8988764044943821
2022-03-16,0.65,0.0,0.65,0.65,"The statement is notably hawkish with the Fed raising rates, anticipating 'ongoing increases,' and signaling imminent balance sheet reduction, while explicitly citing elevated inflation and additional upward price pressures from the Ukraine invasion as primary concerns.",1.1049723756906076
2022-05-04,0.75,0.0,0.75,0.75,"The statement is strongly hawkish, featuring a 50bp rate hike, announcement of balance sheet reduction beginning June 1, explicit language that 'ongoing increases will be appropriate,' and repeated emphasis that the Committee is 'highly attentive to inflation risks' despite acknowledging economic headwinds.",1.2594458438287155
2022-06-15,0.75,0.0,0.75,0.75,"The statement is strongly hawkish, emphasizing the Fed is 'highly attentive to inflation risks' and 'strongly committed to returning inflation to its 2 percent objective,' while announcing a 75bp rate hike and signaling 'ongoing increases' ahead alongside continued balance sheet reduction.",1.3054830287206265
2022-07-27,0.75,0.0,0.75,0.75,"The statement is firmly hawkish with a 75bp rate hike, ongoing balance sheet reduction, explicit commitment to 'ongoing increases,' and the phrase 'highly attentive to inflation risks' and 'strongly committed to returning inflation to its 2 percent objective,' though slightly tempered by acknowledgment of softening spending and production indicators.",1.2084592145015105
2022-09-21,0.85,0.0,0.85,0.85,"The statement is strongly hawkish, featuring a 75bp rate hike to 3-3.25%, explicit language that 'ongoing increases will be appropriate,' strong commitment to returning inflation to 2%, high attentiveness to inflation risks, and continued balance sheet reduction, with inflation concerns clearly dominating the narrative.",1.2048192771084338
2022-11-02,0.7833,0.0577,0.75,0.85,"The statement is strongly hawkish with a 75bp rate hike, explicit commitment to 'ongoing increases' to reach 'sufficiently restrictive' policy, continued balance sheet reduction, and repeated emphasis on being 'highly attentive to inflation risks' and 'strongly committed to returning inflation to its 2 percent objective.'",1.7456359102244388
2022-12-14,0.74,0.0173,0.72,0.75,"The statement is strongly hawkish, emphasizing that inflation 'remains elevated,' announcing a rate hike to 4.25-4.5%, explicitly stating 'ongoing increases will be appropriate' to reach 'sufficiently restrictive' policy, and declaring the Committee is 'highly attentive to inflation risks' and 'strongly committed' to the 2% target.",1.4962593516209477
2023-02-01,0.6733,0.0404,0.65,0.72,"The statement signals continued hawkishness through a 25bp rate hike, explicit guidance that 'ongoing increases will be appropriate,' continued balance sheet reduction, and emphasis on being 'highly attentive to inflation risks' and 'strongly committed' to the 2% target, though the shift to considering 'cumulative tightening' and 'lags' suggests a slight moderation in pace.",1.9553072625698324
2023-03-22,0.4833,0.0577,0.45,0.55,"The statement maintains a hawkish tilt with a rate hike to 4.75-5%, continued balance sheet reduction, and language that 'some additional policy firming may be appropriate,' though the acknowledgment that banking stress may tighten credit conditions and the shift from definite future hikes to conditional language tempers the hawkishness somewhat.",1.7948717948717947
2023-05-03,0.65,0.0,0.65,0.65,"The statement is hawkish with a 25bp rate hike to 5-5.25%, continued balance sheet reduction, and emphasis on being 'highly attentive to inflation risks' and 'strongly committed to returning inflation to its 2 percent objective,' though slightly tempered by acknowledgment that tighter credit conditions may weigh on the economy.",1.4044943820224718
2023-06-14,0.45,0.0,0.45,0.45,"The statement maintains a hawkish tilt with emphasis on being 'highly attentive to inflation risks' and 'strongly committed to returning inflation to its 2 percent objective,' while holding rates at elevated levels and continuing quantitative tightening, though the pause and acknowledgment of tighter credit conditions tempering growth adds modest dovish balance.",1.366120218579235
2023-07-26,0.65,0.0,0.65,0.65,"The statement is hawkish given the 25bp rate hike to 5.25-5.50%, continued QT, emphasis on being 'highly attentive to inflation risks' and 'strongly committed to returning inflation to its 2 percent objective,' though slightly tempered by acknowledgment of tighter credit conditions weighing on activity.",1.675977653631285
2023-09-20,0.45,0.0,0.45,0.45,"The statement maintains a hawkish tilt with emphasis on elevated inflation, being 'highly attentive to inflation risks,' and discussing 'additional policy firming,' though this is tempered by acknowledgment of tighter credit conditions weighing on the economy and holding rates steady rather than hiking.",1.3774104683195594
2023-11-01,0.5167,0.1155,0.45,0.65,"The statement maintains a hawkish tilt with emphasis on 'highly attentive to inflation risks,' continued balance sheet reduction, and explicit mention of 'additional policy firming that may be appropriate,' though moderated by acknowledgment that tighter financial conditions are already weighing on the economy.",1.3550135501355014
2023-12-13,0.35,0.0,0.35,0.35,"The statement maintains a hawkish bias with language about remaining 'highly attentive to inflation risks' and discussing 'additional policy firming,' though this is tempered by acknowledgment of slowing growth and tighter financial conditions already weighing on the economy.",1.3157894736842104
2024-01-31,0.35,0.0,0.35,0.35,"The statement maintains a moderately hawkish tone by keeping rates at elevated levels, continuing quantitative tightening, and explicitly stating the Committee 'does not expect it will be appropriate to reduce the target range until it has gained greater confidence that inflation is moving sustainably toward 2 percent,' while acknowledging some balanced risks.",0.2793296089385474
2024-03-20,0.45,0.0,0.45,0.45,"The statement maintains a hawkish lean by keeping rates at elevated levels, continuing quantitative tightening, and explicitly stating cuts won't occur until 'greater confidence' on inflation, though the acknowledgment that risks are 'moving into better balance' tempers the hawkishness somewhat.",0.2840909090909091
2024-05-01,0.45,0.0,0.45,0.45,"The statement emphasizes 'lack of further progress toward the 2 percent inflation objective' and states the Committee 'does not expect it will be appropriate to reduce the target range' until greater confidence on inflation, signaling a hawkish hold despite the modest easing of balance sheet runoff pace.",0.4694835680751174
2024-06-12,0.35,0.0,0.35,0.35,"The statement maintains a moderately hawkish tone by keeping rates at elevated levels, emphasizing that rate cuts require 'greater confidence' on inflation, continuing balance sheet reduction, and noting the Committee remains 'highly attentive to inflation risks,' though this is tempered by acknowledgment of 'modest further progress' on inflation.",0.547945205479452
2024-07-31,0.35,0.0,0.35,0.35,"While acknowledging progress on inflation and balanced risks, the statement maintains a hawkish tilt by keeping rates at restrictive levels, requiring 'greater confidence' before cuts, and continuing quantitative tightening, though the tone is more neutral than previous statements.",0.5235602094240838
2024-09-18,-0.6,0.0,-0.6,-0.6,"The 50 basis point rate cut, combined with language expressing 'greater confidence' that inflation is moving sustainably toward 2 percent and balanced risks to both mandates, signals a clear dovish pivot prioritizing employment concerns over residual inflation worries.",0.7957559681697612
2024-11-07,-0.3167,0.0289,-0.35,-0.3,"The statement is modestly dovish, featuring a 25bp rate cut and language noting labor market easing and progress on inflation, though the emphasis on 'carefully assess incoming data' and inflation remaining 'somewhat elevated' tempers the dovish lean.",0.2932551319648094
2024-12-18,0.15,0.0,0.15,0.15,"While the Fed delivered a 25bp rate cut, the statement's emphasis on inflation remaining 'somewhat elevated,' the cautious language about 'carefully assessing' future adjustments, and continued balance sheet reduction signal a measured, data-dependent stance that leans slightly hawkish relative to a pure easing cycle.",0.273224043715847
2025-01-29,0.25,0.0,0.25,0.25,"The statement maintains a modestly hawkish tone by noting inflation 'remains somewhat elevated,' holding rates at restrictive levels, continuing balance sheet reduction, while the balanced risk assessment and data-dependent language temper the hawkishness.",0.303030303030303
2025-03-19,0.25,0.0,0.25,0.25,"The statement maintains a mildly hawkish tone by noting inflation 'remains somewhat elevated' while holding rates steady at a restrictive level, though the slowing of balance sheet reduction and acknowledgment of increased uncertainty temper the hawkishness.",0.516795865633075
2025-05-07,0.25,0.0,0.25,0.25,"The statement maintains a mildly hawkish tone by noting inflation 'remains somewhat elevated,' continuing balance sheet reduction, and holding rates steady at restrictive levels, though the increased emphasis on risks to 'both sides' of the dual mandate and rising unemployment concerns moderates the hawkishness.",1.1560693641618496
2025-06-18,0.35,0.0,0.35,0.35,"The statement maintains a moderately hawkish stance by noting inflation 'remains somewhat elevated,' holding rates steady at restrictive levels, continuing balance sheet reduction, while acknowledging uncertainty has 'diminished but remains elevated' and showing balanced attention to both sides of the dual mandate.",0.6269592476489028
2025-07-30,0.25,0.0,0.25,0.25,"The statement maintains a mildly hawkish tone by noting inflation 'remains somewhat elevated,' keeping rates unchanged at restrictive levels, and continuing quantitative tightening, though balanced language about 'risks to both sides of its dual mandate' and elevated uncertainty tempers the hawkishness.",0.5747126436781609
2025-08-22,0.0,0.0,0.0,0.0,"This is a procedural announcement about updating the FOMC's framework statement, containing no signals about current policy stance, rate direction, or bias toward inflation versus employment concerns.",-1.3333333333333337
2025-09-17,-0.4167,0.0577,-0.45,-0.35,"The statement is dovish as it announces a rate cut citing 'downside risks to employment have risen' and 'shift in the balance of risks,' though tempered by acknowledgment that inflation 'remains somewhat elevated' and commitment to returning inflation to 2 percent.",0.5602240896358543
2025-10-29,-0.35,0.0,-0.35,-0.35,"The statement is moderately dovish, cutting rates by 25bp while explicitly noting 'downside risks to employment rose in recent months' and announcing an end to balance sheet reduction, though acknowledging inflation 'remains somewhat elevated' prevents a more dovish score.",0.2583979328165375
2025-12-10,-0.35,0.0,-0.35,-0.35,"The statement reflects a dovish tilt with a rate cut, explicit concern about 'downside risks to employment,' and language about the 'shift in the balance of risks,' though this is tempered by acknowledgment that inflation 'remains somewhat elevated' and commitment to the 2 percent objective.",0.4889975550122249
2026-01-28,0.15,0.0,0.15,0.15,"The statement notes inflation 'remains somewhat elevated' while maintaining rates at a relatively high level of 3.5-3.75%, but the balanced language about being 'attentive to risks to both sides of its dual mandate' and noting low job gains suggests only a mild hawkish tilt focused on inflation concerns.",0.6349206349206349
2026-03-18,0.1833,0.0577,0.15,0.25,"The statement maintains a mildly hawkish tone by noting inflation 'remains somewhat elevated' while holding rates steady, though the balanced attention to 'both sides of its dual mandate' and elevated uncertainty temper the hawkishness.",0.6060606060606061
2026-04-29,0.25,0.0,0.25,0.25,"The statement acknowledges elevated inflation and maintains a relatively high rate range while expressing commitment to the 2% inflation objective, but the balanced language about dual mandate risks and geopolitical uncertainty tempers the hawkish tone.",0.2747252747252747
